id_студента,Вероятность,Рекомендация
1,0.3058069125219162,Не рекомендуется
1,0.3058069125219162,Не рекомендуется
1,0.3058069125219162,Не рекомендуется
1,0.3058069125219162,Не рекомендуется
2,0.3058069125219162,Не рекомендуется
2,0.3058069125219162,Не рекомендуется
2,0.3058069125219162,Не рекомендуется
2,0.3058069125219162,Не рекомендуется
